{"cameraMode":{"drawMode":0,"name":"Shaded","section":"Shading Mode"},"sceneLighting":false,"audioPlay":false,"sceneViewState":{"showFog":true,"showMaterialUpdate":false,"showSkybox":true,"showFlares":true,"showImageEffects":true,"showParticleSystems":true},"in2DMode":false,"pivot":{"x":0.304931640625,"y":0.7708244323730469,"z":0.6094131469726563},"rotation":{"x":-0.4574356973171234,"y":-0.5425248146057129,"z":0.494287371635437,"w":-0.5020949840545654},"size":4.041658401489258,"orthographic":true}