{"cameraMode":{"drawMode":0,"name":"Shaded","section":"Shading Mode"},"sceneLighting":false,"audioPlay":false,"sceneViewState":{"showFog":true,"showMaterialUpdate":false,"showSkybox":true,"showFlares":true,"showImageEffects":true,"showParticleSystems":true},"in2DMode":false,"pivot":{"x":-0.0014445185661315919,"y":0.8672735095024109,"z":1.7881393432617188e-7},"rotation":{"x":-0.29601454734802248,"y":0.07582439482212067,"z":-0.023583510890603067,"w":-0.9518770575523377},"size":4.706636905670166,"orthographic":true}