{"cameraMode":{"drawMode":0,"name":"Shaded","section":"Shading Mode"},"sceneLighting":false,"audioPlay":false,"sceneViewState":{"showFog":true,"showMaterialUpdate":false,"showSkybox":true,"showFlares":true,"showImageEffects":true,"showParticleSystems":true},"in2DMode":false,"pivot":{"x":5.400257110595703,"y":-3.1312122344970705,"z":-0.9921900033950806},"rotation":{"x":0.20405089855194093,"y":0.18665364384651185,"z":-0.03966841846704483,"w":0.9601823687553406},"size":2.8578836917877199,"orthographic":true}