{"cameraMode":{"drawMode":0,"name":"Shaded","section":"Shading Mode"},"sceneLighting":false,"audioPlay":false,"sceneViewState":{"showFog":true,"showMaterialUpdate":false,"showSkybox":true,"showFlares":true,"showImageEffects":true,"showParticleSystems":true},"in2DMode":false,"pivot":{"x":6.142578125,"y":0.97119140625,"z":-2.2706298828125},"rotation":{"x":-0.004824717994779348,"y":0.6827192306518555,"z":0.004505404736846685,"w":0.7306509613990784},"size":4.2235331535339359,"orthographic":true}