{"cameraMode":{"drawMode":0,"name":"Shaded","section":"Shading Mode"},"sceneLighting":false,"audioPlay":false,"sceneViewState":{"showFog":true,"showMaterialUpdate":false,"showSkybox":true,"showFlares":true,"showImageEffects":true,"showParticleSystems":true},"in2DMode":false,"pivot":{"x":-17.6162109375,"y":5.2943115234375,"z":-26.244384765625},"rotation":{"x":0.20847737789154054,"y":-0.43247124552726748,"z":0.10347379744052887,"w":0.8710907101631165},"size":1.6086411476135255,"orthographic":true}